,Recency,Recency,Recency,Frequency,Frequency,Frequency,Monetary,Monetary,Monetary
,mean,median,count,mean,median,count,mean,median,count
cluster,,,,,,,,,
0,120.9089861751152,123.0,868,2.870967741935484,3.0,868,50.82203917050691,50.135,868
1,406.515397082658,393.0,617,1.7698541329011346,2.0,617,24.410129659643435,24.5,617
2,125.89339019189765,124.0,469,6.443496801705757,6.0,469,181.07671641791043,177.8,469
3,304.13125695216905,295.0,899,3.757508342602892,4.0,899,85.87101223581757,84.25,899
4,41.562679425837324,38.0,1045,4.764593301435407,5.0,1045,104.91119617224881,101.5,1045
